Name,Species
Common Shrub Frog_(1).wav,1
Common Shrub Frog_(10).wav,1
Common Shrub Frog_(100).wav,1
Common Shrub Frog_(101).wav,1
Common Shrub Frog_(102).wav,1
Common Shrub Frog_(103).wav,1
Common Shrub Frog_(104).wav,1
Common Shrub Frog_(105).wav,1
Common Shrub Frog_(106).wav,1
Common Shrub Frog_(107).wav,1
Common Shrub Frog_(108).wav,1
Common Shrub Frog_(109).wav,1
Common Shrub Frog_(11).wav,1
Common Shrub Frog_(110).wav,1
Common Shrub Frog_(111).wav,1
Common Shrub Frog_(112).wav,1
Common Shrub Frog_(113).wav,1
Common Shrub Frog_(114).wav,1
Common Shrub Frog_(115).wav,1
Common Shrub Frog_(116).wav,1
Common Shrub Frog_(117).wav,1
Common Shrub Frog_(118).wav,1
Common Shrub Frog_(119).wav,1
Common Shrub Frog_(12).wav,1
Common Shrub Frog_(120).wav,1
Common Shrub Frog_(121).wav,1
Common Shrub Frog_(122).wav,1
Common Shrub Frog_(123).wav,1
Common Shrub Frog_(124).wav,1
Common Shrub Frog_(125).wav,1
Common Shrub Frog_(126).wav,1
Common Shrub Frog_(127).wav,1
Common Shrub Frog_(128).wav,1
Common Shrub Frog_(129).wav,1
Common Shrub Frog_(13).wav,1
Common Shrub Frog_(130).wav,1
Common Shrub Frog_(131).wav,1
Common Shrub Frog_(132).wav,1
Common Shrub Frog_(133).wav,1
Common Shrub Frog_(134).wav,1
Common Shrub Frog_(135).wav,1
Common Shrub Frog_(136).wav,1
Common Shrub Frog_(137).wav,1
Common Shrub Frog_(138).wav,1
Common Shrub Frog_(139).wav,1
Common Shrub Frog_(14).wav,1
Common Shrub Frog_(140).wav,1
Common Shrub Frog_(141).wav,1
Common Shrub Frog_(142).wav,1
Common Shrub Frog_(143).wav,1
Common Shrub Frog_(144).wav,1
Common Shrub Frog_(145).wav,1
Common Shrub Frog_(146).wav,1
Common Shrub Frog_(147).wav,1
Common Shrub Frog_(148).wav,1
Common Shrub Frog_(149).wav,1
Common Shrub Frog_(15).wav,1
Common Shrub Frog_(150).wav,1
Common Shrub Frog_(151).wav,1
Common Shrub Frog_(152).wav,1
Common Shrub Frog_(153).wav,1
Common Shrub Frog_(154).wav,1
Common Shrub Frog_(155).wav,1
Common Shrub Frog_(156).wav,1
Common Shrub Frog_(157).wav,1
Common Shrub Frog_(158).wav,1
Common Shrub Frog_(159).wav,1
Common Shrub Frog_(16).wav,1
Common Shrub Frog_(160).wav,1
Common Shrub Frog_(161).wav,1
Common Shrub Frog_(162).wav,1
Common Shrub Frog_(163).wav,1
Common Shrub Frog_(164).wav,1
Common Shrub Frog_(165).wav,1
Common Shrub Frog_(166).wav,1
Common Shrub Frog_(167).wav,1
Common Shrub Frog_(168).wav,1
Common Shrub Frog_(169).wav,1
Common Shrub Frog_(17).wav,1
Common Shrub Frog_(170).wav,1
Common Shrub Frog_(171).wav,1
Common Shrub Frog_(172).wav,1
Common Shrub Frog_(173).wav,1
Common Shrub Frog_(174).wav,1
Common Shrub Frog_(175).wav,1
Common Shrub Frog_(176).wav,1
Common Shrub Frog_(177).wav,1
Common Shrub Frog_(178).wav,1
Common Shrub Frog_(179).wav,1
Common Shrub Frog_(18).wav,1
Common Shrub Frog_(180).wav,1
Common Shrub Frog_(181).wav,1
Common Shrub Frog_(182).wav,1
Common Shrub Frog_(183).wav,1
Common Shrub Frog_(184).wav,1
Common Shrub Frog_(185).wav,1
Common Shrub Frog_(186).wav,1
Common Shrub Frog_(187).wav,1
Common Shrub Frog_(188).wav,1
Common Shrub Frog_(189).wav,1
Common Shrub Frog_(19).wav,1
Common Shrub Frog_(190).wav,1
Common Shrub Frog_(191).wav,1
Common Shrub Frog_(192).wav,1
Common Shrub Frog_(193).wav,1
Common Shrub Frog_(194).wav,1
Common Shrub Frog_(195).wav,1
Common Shrub Frog_(196).wav,1
Common Shrub Frog_(197).wav,1
Common Shrub Frog_(198).wav,1
Common Shrub Frog_(199).wav,1
Common Shrub Frog_(2).wav,1
Common Shrub Frog_(20).wav,1
Common Shrub Frog_(200).wav,1
Common Shrub Frog_(21).wav,1
Common Shrub Frog_(22).wav,1
Common Shrub Frog_(23).wav,1
Common Shrub Frog_(24).wav,1
Common Shrub Frog_(25).wav,1
Common Shrub Frog_(26).wav,1
Common Shrub Frog_(27).wav,1
Common Shrub Frog_(28).wav,1
Common Shrub Frog_(29).wav,1
Common Shrub Frog_(3).wav,1
Common Shrub Frog_(30).wav,1
Common Shrub Frog_(31).wav,1
Common Shrub Frog_(32).wav,1
Common Shrub Frog_(33).wav,1
Common Shrub Frog_(34).wav,1
Common Shrub Frog_(35).wav,1
Common Shrub Frog_(36).wav,1
Common Shrub Frog_(37).wav,1
Common Shrub Frog_(38).wav,1
Common Shrub Frog_(39).wav,1
Common Shrub Frog_(4).wav,1
Common Shrub Frog_(40).wav,1
Common Shrub Frog_(41).wav,1
Common Shrub Frog_(42).wav,1
Common Shrub Frog_(43).wav,1
Common Shrub Frog_(44).wav,1
Common Shrub Frog_(45).wav,1
Common Shrub Frog_(46).wav,1
Common Shrub Frog_(47).wav,1
Common Shrub Frog_(48).wav,1
Common Shrub Frog_(49).wav,1
Common Shrub Frog_(5).wav,1
Common Shrub Frog_(50).wav,1
Common Shrub Frog_(51).wav,1
Common Shrub Frog_(52).wav,1
Common Shrub Frog_(53).wav,1
Common Shrub Frog_(54).wav,1
Common Shrub Frog_(55).wav,1
Common Shrub Frog_(56).wav,1
Common Shrub Frog_(57).wav,1
Common Shrub Frog_(58).wav,1
Common Shrub Frog_(59).wav,1
Common Shrub Frog_(6).wav,1
Common Shrub Frog_(60).wav,1
Common Shrub Frog_(61).wav,1
Common Shrub Frog_(62).wav,1
Common Shrub Frog_(63).wav,1
Common Shrub Frog_(64).wav,1
Common Shrub Frog_(65).wav,1
Common Shrub Frog_(66).wav,1
Common Shrub Frog_(67).wav,1
Common Shrub Frog_(68).wav,1
Common Shrub Frog_(69).wav,1
Common Shrub Frog_(7).wav,1
Common Shrub Frog_(70).wav,1
Common Shrub Frog_(71).wav,1
Common Shrub Frog_(72).wav,1
Common Shrub Frog_(73).wav,1
Common Shrub Frog_(74).wav,1
Common Shrub Frog_(75).wav,1
Common Shrub Frog_(76).wav,1
Common Shrub Frog_(77).wav,1
Common Shrub Frog_(78).wav,1
Common Shrub Frog_(79).wav,1
Common Shrub Frog_(8).wav,1
Common Shrub Frog_(80).wav,1
Common Shrub Frog_(81).wav,1
Common Shrub Frog_(82).wav,1
Common Shrub Frog_(83).wav,1
Common Shrub Frog_(84).wav,1
Common Shrub Frog_(85).wav,1
Common Shrub Frog_(86).wav,1
Common Shrub Frog_(87).wav,1
Common Shrub Frog_(88).wav,1
Common Shrub Frog_(89).wav,1
Common Shrub Frog_(9).wav,1
Common Shrub Frog_(90).wav,1
Common Shrub Frog_(91).wav,1
Common Shrub Frog_(92).wav,1
Common Shrub Frog_(93).wav,1
Common Shrub Frog_(94).wav,1
Common Shrub Frog_(95).wav,1
Common Shrub Frog_(96).wav,1
Common Shrub Frog_(97).wav,1
Common Shrub Frog_(98).wav,1
Common Shrub Frog_(99).wav,1
Indian Skipper Frog_(1).wav,0
Indian Skipper Frog_(10).wav,0
Indian Skipper Frog_(100).wav,0
Indian Skipper Frog_(101).wav,0
Indian Skipper Frog_(102).wav,0
Indian Skipper Frog_(103).wav,0
Indian Skipper Frog_(104).wav,0
Indian Skipper Frog_(105).wav,0
Indian Skipper Frog_(106).wav,0
Indian Skipper Frog_(107).wav,0
Indian Skipper Frog_(108).wav,0
Indian Skipper Frog_(109).wav,0
Indian Skipper Frog_(11).wav,0
Indian Skipper Frog_(110).wav,0
Indian Skipper Frog_(111).wav,0
Indian Skipper Frog_(112).wav,0
Indian Skipper Frog_(113).wav,0
Indian Skipper Frog_(114).wav,0
Indian Skipper Frog_(115).wav,0
Indian Skipper Frog_(116).wav,0
Indian Skipper Frog_(117).wav,0
Indian Skipper Frog_(118).wav,0
Indian Skipper Frog_(119).wav,0
Indian Skipper Frog_(12).wav,0
Indian Skipper Frog_(120).wav,0
Indian Skipper Frog_(121).wav,0
Indian Skipper Frog_(122).wav,0
Indian Skipper Frog_(123).wav,0
Indian Skipper Frog_(124).wav,0
Indian Skipper Frog_(125).wav,0
Indian Skipper Frog_(126).wav,0
Indian Skipper Frog_(127).wav,0
Indian Skipper Frog_(128).wav,0
Indian Skipper Frog_(129).wav,0
Indian Skipper Frog_(13).wav,0
Indian Skipper Frog_(130).wav,0
Indian Skipper Frog_(131).wav,0
Indian Skipper Frog_(132).wav,0
Indian Skipper Frog_(133).wav,0
Indian Skipper Frog_(134).wav,0
Indian Skipper Frog_(135).wav,0
Indian Skipper Frog_(136).wav,0
Indian Skipper Frog_(137).wav,0
Indian Skipper Frog_(138).wav,0
Indian Skipper Frog_(139).wav,0
Indian Skipper Frog_(14).wav,0
Indian Skipper Frog_(140).wav,0
Indian Skipper Frog_(141).wav,0
Indian Skipper Frog_(142).wav,0
Indian Skipper Frog_(143).wav,0
Indian Skipper Frog_(144).wav,0
Indian Skipper Frog_(145).wav,0
Indian Skipper Frog_(146).wav,0
Indian Skipper Frog_(147).wav,0
Indian Skipper Frog_(148).wav,0
Indian Skipper Frog_(149).wav,0
Indian Skipper Frog_(15).wav,0
Indian Skipper Frog_(150).wav,0
Indian Skipper Frog_(151).wav,0
Indian Skipper Frog_(152).wav,0
Indian Skipper Frog_(153).wav,0
Indian Skipper Frog_(154).wav,0
Indian Skipper Frog_(155).wav,0
Indian Skipper Frog_(156).wav,0
Indian Skipper Frog_(157).wav,0
Indian Skipper Frog_(158).wav,0
Indian Skipper Frog_(159).wav,0
Indian Skipper Frog_(16).wav,0
Indian Skipper Frog_(160).wav,0
Indian Skipper Frog_(161).wav,0
Indian Skipper Frog_(162).wav,0
Indian Skipper Frog_(163).wav,0
Indian Skipper Frog_(164).wav,0
Indian Skipper Frog_(165).wav,0
Indian Skipper Frog_(166).wav,0
Indian Skipper Frog_(167).wav,0
Indian Skipper Frog_(168).wav,0
Indian Skipper Frog_(169).wav,0
Indian Skipper Frog_(17).wav,0
Indian Skipper Frog_(170).wav,0
Indian Skipper Frog_(171).wav,0
Indian Skipper Frog_(172).wav,0
Indian Skipper Frog_(173).wav,0
Indian Skipper Frog_(174).wav,0
Indian Skipper Frog_(175).wav,0
Indian Skipper Frog_(176).wav,0
Indian Skipper Frog_(177).wav,0
Indian Skipper Frog_(178).wav,0
Indian Skipper Frog_(179).wav,0
Indian Skipper Frog_(18).wav,0
Indian Skipper Frog_(180).wav,0
Indian Skipper Frog_(181).wav,0
Indian Skipper Frog_(182).wav,0
Indian Skipper Frog_(183).wav,0
Indian Skipper Frog_(184).wav,0
Indian Skipper Frog_(185).wav,0
Indian Skipper Frog_(186).wav,0
Indian Skipper Frog_(187).wav,0
Indian Skipper Frog_(188).wav,0
Indian Skipper Frog_(189).wav,0
Indian Skipper Frog_(19).wav,0
Indian Skipper Frog_(190).wav,0
Indian Skipper Frog_(191).wav,0
Indian Skipper Frog_(192).wav,0
Indian Skipper Frog_(193).wav,0
Indian Skipper Frog_(194).wav,0
Indian Skipper Frog_(195).wav,0
Indian Skipper Frog_(196).wav,0
Indian Skipper Frog_(197).wav,0
Indian Skipper Frog_(198).wav,0
Indian Skipper Frog_(199).wav,0
Indian Skipper Frog_(2).wav,0
Indian Skipper Frog_(20).wav,0
Indian Skipper Frog_(200).wav,0
Indian Skipper Frog_(21).wav,0
Indian Skipper Frog_(22).wav,0
Indian Skipper Frog_(23).wav,0
Indian Skipper Frog_(24).wav,0
Indian Skipper Frog_(25).wav,0
Indian Skipper Frog_(26).wav,0
Indian Skipper Frog_(27).wav,0
Indian Skipper Frog_(28).wav,0
Indian Skipper Frog_(29).wav,0
Indian Skipper Frog_(3).wav,0
Indian Skipper Frog_(30).wav,0
Indian Skipper Frog_(31).wav,0
Indian Skipper Frog_(32).wav,0
Indian Skipper Frog_(33).wav,0
Indian Skipper Frog_(34).wav,0
Indian Skipper Frog_(35).wav,0
Indian Skipper Frog_(36).wav,0
Indian Skipper Frog_(37).wav,0
Indian Skipper Frog_(38).wav,0
Indian Skipper Frog_(39).wav,0
Indian Skipper Frog_(4).wav,0
Indian Skipper Frog_(40).wav,0
Indian Skipper Frog_(41).wav,0
Indian Skipper Frog_(42).wav,0
Indian Skipper Frog_(43).wav,0
Indian Skipper Frog_(44).wav,0
Indian Skipper Frog_(45).wav,0
Indian Skipper Frog_(46).wav,0
Indian Skipper Frog_(47).wav,0
Indian Skipper Frog_(48).wav,0
Indian Skipper Frog_(49).wav,0
Indian Skipper Frog_(5).wav,0
Indian Skipper Frog_(50).wav,0
Indian Skipper Frog_(51).wav,0
Indian Skipper Frog_(52).wav,0
Indian Skipper Frog_(53).wav,0
Indian Skipper Frog_(54).wav,0
Indian Skipper Frog_(55).wav,0
Indian Skipper Frog_(56).wav,0
Indian Skipper Frog_(57).wav,0
Indian Skipper Frog_(58).wav,0
Indian Skipper Frog_(59).wav,0
Indian Skipper Frog_(6).wav,0
Indian Skipper Frog_(60).wav,0
Indian Skipper Frog_(61).wav,0
Indian Skipper Frog_(62).wav,0
Indian Skipper Frog_(63).wav,0
Indian Skipper Frog_(64).wav,0
Indian Skipper Frog_(65).wav,0
Indian Skipper Frog_(66).wav,0
Indian Skipper Frog_(67).wav,0
Indian Skipper Frog_(68).wav,0
Indian Skipper Frog_(69).wav,0
Indian Skipper Frog_(7).wav,0
Indian Skipper Frog_(70).wav,0
Indian Skipper Frog_(71).wav,0
Indian Skipper Frog_(72).wav,0
Indian Skipper Frog_(73).wav,0
Indian Skipper Frog_(74).wav,0
Indian Skipper Frog_(75).wav,0
Indian Skipper Frog_(76).wav,0
Indian Skipper Frog_(77).wav,0
Indian Skipper Frog_(78).wav,0
Indian Skipper Frog_(79).wav,0
Indian Skipper Frog_(8).wav,0
Indian Skipper Frog_(80).wav,0
Indian Skipper Frog_(81).wav,0
Indian Skipper Frog_(82).wav,0
Indian Skipper Frog_(83).wav,0
Indian Skipper Frog_(84).wav,0
Indian Skipper Frog_(85).wav,0
Indian Skipper Frog_(86).wav,0
Indian Skipper Frog_(87).wav,0
Indian Skipper Frog_(88).wav,0
Indian Skipper Frog_(89).wav,0
Indian Skipper Frog_(9).wav,0
Indian Skipper Frog_(90).wav,0
Indian Skipper Frog_(91).wav,0
Indian Skipper Frog_(92).wav,0
Indian Skipper Frog_(93).wav,0
Indian Skipper Frog_(94).wav,0
Indian Skipper Frog_(95).wav,0
Indian Skipper Frog_(96).wav,0
Indian Skipper Frog_(97).wav,0
Indian Skipper Frog_(98).wav,0
Indian Skipper Frog_(99).wav,0
Rohan's Globular Frog_(1).wav,3
Rohan's Globular Frog_(10).wav,3
Rohan's Globular Frog_(100).wav,3
Rohan's Globular Frog_(101).wav,3
Rohan's Globular Frog_(102).wav,3
Rohan's Globular Frog_(103).wav,3
Rohan's Globular Frog_(104).wav,3
Rohan's Globular Frog_(105).wav,3
Rohan's Globular Frog_(106).wav,3
Rohan's Globular Frog_(107).wav,3
Rohan's Globular Frog_(108).wav,3
Rohan's Globular Frog_(109).wav,3
Rohan's Globular Frog_(11).wav,3
Rohan's Globular Frog_(110).wav,3
Rohan's Globular Frog_(111).wav,3
Rohan's Globular Frog_(112).wav,3
Rohan's Globular Frog_(113).wav,3
Rohan's Globular Frog_(114).wav,3
Rohan's Globular Frog_(115).wav,3
Rohan's Globular Frog_(116).wav,3
Rohan's Globular Frog_(117).wav,3
Rohan's Globular Frog_(118).wav,3
Rohan's Globular Frog_(119).wav,3
Rohan's Globular Frog_(12).wav,3
Rohan's Globular Frog_(120).wav,3
Rohan's Globular Frog_(121).wav,3
Rohan's Globular Frog_(122).wav,3
Rohan's Globular Frog_(123).wav,3
Rohan's Globular Frog_(124).wav,3
Rohan's Globular Frog_(125).wav,3
Rohan's Globular Frog_(126).wav,3
Rohan's Globular Frog_(127).wav,3
Rohan's Globular Frog_(128).wav,3
Rohan's Globular Frog_(129).wav,3
Rohan's Globular Frog_(13).wav,3
Rohan's Globular Frog_(130).wav,3
Rohan's Globular Frog_(131).wav,3
Rohan's Globular Frog_(132).wav,3
Rohan's Globular Frog_(133).wav,3
Rohan's Globular Frog_(134).wav,3
Rohan's Globular Frog_(135).wav,3
Rohan's Globular Frog_(136).wav,3
Rohan's Globular Frog_(137).wav,3
Rohan's Globular Frog_(138).wav,3
Rohan's Globular Frog_(139).wav,3
Rohan's Globular Frog_(14).wav,3
Rohan's Globular Frog_(140).wav,3
Rohan's Globular Frog_(141).wav,3
Rohan's Globular Frog_(142).wav,3
Rohan's Globular Frog_(143).wav,3
Rohan's Globular Frog_(144).wav,3
Rohan's Globular Frog_(145).wav,3
Rohan's Globular Frog_(146).wav,3
Rohan's Globular Frog_(147).wav,3
Rohan's Globular Frog_(148).wav,3
Rohan's Globular Frog_(149).wav,3
Rohan's Globular Frog_(15).wav,3
Rohan's Globular Frog_(150).wav,3
Rohan's Globular Frog_(151).wav,3
Rohan's Globular Frog_(152).wav,3
Rohan's Globular Frog_(153).wav,3
Rohan's Globular Frog_(154).wav,3
Rohan's Globular Frog_(155).wav,3
Rohan's Globular Frog_(156).wav,3
Rohan's Globular Frog_(157).wav,3
Rohan's Globular Frog_(158).wav,3
Rohan's Globular Frog_(159).wav,3
Rohan's Globular Frog_(16).wav,3
Rohan's Globular Frog_(160).wav,3
Rohan's Globular Frog_(161).wav,3
Rohan's Globular Frog_(162).wav,3
Rohan's Globular Frog_(163).wav,3
Rohan's Globular Frog_(164).wav,3
Rohan's Globular Frog_(165).wav,3
Rohan's Globular Frog_(166).wav,3
Rohan's Globular Frog_(167).wav,3
Rohan's Globular Frog_(168).wav,3
Rohan's Globular Frog_(169).wav,3
Rohan's Globular Frog_(17).wav,3
Rohan's Globular Frog_(170).wav,3
Rohan's Globular Frog_(171).wav,3
Rohan's Globular Frog_(172).wav,3
Rohan's Globular Frog_(173).wav,3
Rohan's Globular Frog_(174).wav,3
Rohan's Globular Frog_(175).wav,3
Rohan's Globular Frog_(176).wav,3
Rohan's Globular Frog_(177).wav,3
Rohan's Globular Frog_(178).wav,3
Rohan's Globular Frog_(179).wav,3
Rohan's Globular Frog_(18).wav,3
Rohan's Globular Frog_(180).wav,3
Rohan's Globular Frog_(181).wav,3
Rohan's Globular Frog_(182).wav,3
Rohan's Globular Frog_(183).wav,3
Rohan's Globular Frog_(184).wav,3
Rohan's Globular Frog_(185).wav,3
Rohan's Globular Frog_(186).wav,3
Rohan's Globular Frog_(187).wav,3
Rohan's Globular Frog_(188).wav,3
Rohan's Globular Frog_(189).wav,3
Rohan's Globular Frog_(19).wav,3
Rohan's Globular Frog_(190).wav,3
Rohan's Globular Frog_(191).wav,3
Rohan's Globular Frog_(192).wav,3
Rohan's Globular Frog_(193).wav,3
Rohan's Globular Frog_(194).wav,3
Rohan's Globular Frog_(195).wav,3
Rohan's Globular Frog_(196).wav,3
Rohan's Globular Frog_(197).wav,3
Rohan's Globular Frog_(198).wav,3
Rohan's Globular Frog_(199).wav,3
Rohan's Globular Frog_(2).wav,3
Rohan's Globular Frog_(20).wav,3
Rohan's Globular Frog_(200).wav,3
Rohan's Globular Frog_(21).wav,3
Rohan's Globular Frog_(22).wav,3
Rohan's Globular Frog_(23).wav,3
Rohan's Globular Frog_(24).wav,3
Rohan's Globular Frog_(25).wav,3
Rohan's Globular Frog_(26).wav,3
Rohan's Globular Frog_(27).wav,3
Rohan's Globular Frog_(28).wav,3
Rohan's Globular Frog_(29).wav,3
Rohan's Globular Frog_(3).wav,3
Rohan's Globular Frog_(30).wav,3
Rohan's Globular Frog_(31).wav,3
Rohan's Globular Frog_(32).wav,3
Rohan's Globular Frog_(33).wav,3
Rohan's Globular Frog_(34).wav,3
Rohan's Globular Frog_(35).wav,3
Rohan's Globular Frog_(36).wav,3
Rohan's Globular Frog_(37).wav,3
Rohan's Globular Frog_(38).wav,3
Rohan's Globular Frog_(39).wav,3
Rohan's Globular Frog_(4).wav,3
Rohan's Globular Frog_(40).wav,3
Rohan's Globular Frog_(41).wav,3
Rohan's Globular Frog_(42).wav,3
Rohan's Globular Frog_(43).wav,3
Rohan's Globular Frog_(44).wav,3
Rohan's Globular Frog_(45).wav,3
Rohan's Globular Frog_(46).wav,3
Rohan's Globular Frog_(47).wav,3
Rohan's Globular Frog_(48).wav,3
Rohan's Globular Frog_(49).wav,3
Rohan's Globular Frog_(5).wav,3
Rohan's Globular Frog_(50).wav,3
Rohan's Globular Frog_(51).wav,3
Rohan's Globular Frog_(52).wav,3
Rohan's Globular Frog_(53).wav,3
Rohan's Globular Frog_(54).wav,3
Rohan's Globular Frog_(55).wav,3
Rohan's Globular Frog_(56).wav,3
Rohan's Globular Frog_(57).wav,3
Rohan's Globular Frog_(58).wav,3
Rohan's Globular Frog_(59).wav,3
Rohan's Globular Frog_(6).wav,3
Rohan's Globular Frog_(60).wav,3
Rohan's Globular Frog_(61).wav,3
Rohan's Globular Frog_(62).wav,3
Rohan's Globular Frog_(63).wav,3
Rohan's Globular Frog_(64).wav,3
Rohan's Globular Frog_(65).wav,3
Rohan's Globular Frog_(66).wav,3
Rohan's Globular Frog_(67).wav,3
Rohan's Globular Frog_(68).wav,3
Rohan's Globular Frog_(69).wav,3
Rohan's Globular Frog_(7).wav,3
Rohan's Globular Frog_(70).wav,3
Rohan's Globular Frog_(71).wav,3
Rohan's Globular Frog_(72).wav,3
Rohan's Globular Frog_(73).wav,3
Rohan's Globular Frog_(74).wav,3
Rohan's Globular Frog_(75).wav,3
Rohan's Globular Frog_(76).wav,3
Rohan's Globular Frog_(77).wav,3
Rohan's Globular Frog_(78).wav,3
Rohan's Globular Frog_(79).wav,3
Rohan's Globular Frog_(8).wav,3
Rohan's Globular Frog_(80).wav,3
Rohan's Globular Frog_(81).wav,3
Rohan's Globular Frog_(82).wav,3
Rohan's Globular Frog_(83).wav,3
Rohan's Globular Frog_(84).wav,3
Rohan's Globular Frog_(85).wav,3
Rohan's Globular Frog_(86).wav,3
Rohan's Globular Frog_(87).wav,3
Rohan's Globular Frog_(88).wav,3
Rohan's Globular Frog_(89).wav,3
Rohan's Globular Frog_(9).wav,3
Rohan's Globular Frog_(90).wav,3
Rohan's Globular Frog_(91).wav,3
Rohan's Globular Frog_(92).wav,3
Rohan's Globular Frog_(93).wav,3
Rohan's Globular Frog_(94).wav,3
Rohan's Globular Frog_(95).wav,3
Rohan's Globular Frog_(96).wav,3
Rohan's Globular Frog_(97).wav,3
Rohan's Globular Frog_(98).wav,3
Rohan's Globular Frog_(99).wav,3
Streamlined Frog_(1).wav,2
Streamlined Frog_(10).wav,2
Streamlined Frog_(100).wav,2
Streamlined Frog_(101).wav,2
Streamlined Frog_(102).wav,2
Streamlined Frog_(103).wav,2
Streamlined Frog_(104).wav,2
Streamlined Frog_(105).wav,2
Streamlined Frog_(106).wav,2
Streamlined Frog_(107).wav,2
Streamlined Frog_(108).wav,2
Streamlined Frog_(109).wav,2
Streamlined Frog_(11).wav,2
Streamlined Frog_(110).wav,2
Streamlined Frog_(111).wav,2
Streamlined Frog_(112).wav,2
Streamlined Frog_(113).wav,2
Streamlined Frog_(114).wav,2
Streamlined Frog_(115).wav,2
Streamlined Frog_(116).wav,2
Streamlined Frog_(117).wav,2
Streamlined Frog_(118).wav,2
Streamlined Frog_(119).wav,2
Streamlined Frog_(12).wav,2
Streamlined Frog_(120).wav,2
Streamlined Frog_(121).wav,2
Streamlined Frog_(122).wav,2
Streamlined Frog_(123).wav,2
Streamlined Frog_(124).wav,2
Streamlined Frog_(125).wav,2
Streamlined Frog_(126).wav,2
Streamlined Frog_(127).wav,2
Streamlined Frog_(128).wav,2
Streamlined Frog_(129).wav,2
Streamlined Frog_(13).wav,2
Streamlined Frog_(130).wav,2
Streamlined Frog_(131).wav,2
Streamlined Frog_(132).wav,2
Streamlined Frog_(133).wav,2
Streamlined Frog_(134).wav,2
Streamlined Frog_(135).wav,2
Streamlined Frog_(136).wav,2
Streamlined Frog_(137).wav,2
Streamlined Frog_(138).wav,2
Streamlined Frog_(139).wav,2
Streamlined Frog_(14).wav,2
Streamlined Frog_(140).wav,2
Streamlined Frog_(141).wav,2
Streamlined Frog_(142).wav,2
Streamlined Frog_(143).wav,2
Streamlined Frog_(144).wav,2
Streamlined Frog_(145).wav,2
Streamlined Frog_(146).wav,2
Streamlined Frog_(147).wav,2
Streamlined Frog_(148).wav,2
Streamlined Frog_(149).wav,2
Streamlined Frog_(15).wav,2
Streamlined Frog_(150).wav,2
Streamlined Frog_(151).wav,2
Streamlined Frog_(152).wav,2
Streamlined Frog_(153).wav,2
Streamlined Frog_(154).wav,2
Streamlined Frog_(155).wav,2
Streamlined Frog_(156).wav,2
Streamlined Frog_(157).wav,2
Streamlined Frog_(158).wav,2
Streamlined Frog_(159).wav,2
Streamlined Frog_(16).wav,2
Streamlined Frog_(160).wav,2
Streamlined Frog_(161).wav,2
Streamlined Frog_(162).wav,2
Streamlined Frog_(163).wav,2
Streamlined Frog_(164).wav,2
Streamlined Frog_(165).wav,2
Streamlined Frog_(166).wav,2
Streamlined Frog_(167).wav,2
Streamlined Frog_(168).wav,2
Streamlined Frog_(169).wav,2
Streamlined Frog_(17).wav,2
Streamlined Frog_(170).wav,2
Streamlined Frog_(171).wav,2
Streamlined Frog_(172).wav,2
Streamlined Frog_(173).wav,2
Streamlined Frog_(174).wav,2
Streamlined Frog_(175).wav,2
Streamlined Frog_(176).wav,2
Streamlined Frog_(177).wav,2
Streamlined Frog_(178).wav,2
Streamlined Frog_(179).wav,2
Streamlined Frog_(18).wav,2
Streamlined Frog_(180).wav,2
Streamlined Frog_(181).wav,2
Streamlined Frog_(182).wav,2
Streamlined Frog_(183).wav,2
Streamlined Frog_(184).wav,2
Streamlined Frog_(185).wav,2
Streamlined Frog_(186).wav,2
Streamlined Frog_(187).wav,2
Streamlined Frog_(188).wav,2
Streamlined Frog_(189).wav,2
Streamlined Frog_(19).wav,2
Streamlined Frog_(190).wav,2
Streamlined Frog_(191).wav,2
Streamlined Frog_(192).wav,2
Streamlined Frog_(193).wav,2
Streamlined Frog_(194).wav,2
Streamlined Frog_(195).wav,2
Streamlined Frog_(196).wav,2
Streamlined Frog_(197).wav,2
Streamlined Frog_(198).wav,2
Streamlined Frog_(199).wav,2
Streamlined Frog_(2).wav,2
Streamlined Frog_(20).wav,2
Streamlined Frog_(200).wav,2
Streamlined Frog_(21).wav,2
Streamlined Frog_(22).wav,2
Streamlined Frog_(23).wav,2
Streamlined Frog_(24).wav,2
Streamlined Frog_(25).wav,2
Streamlined Frog_(26).wav,2
Streamlined Frog_(27).wav,2
Streamlined Frog_(28).wav,2
Streamlined Frog_(29).wav,2
Streamlined Frog_(3).wav,2
Streamlined Frog_(30).wav,2
Streamlined Frog_(31).wav,2
Streamlined Frog_(32).wav,2
Streamlined Frog_(33).wav,2
Streamlined Frog_(34).wav,2
Streamlined Frog_(35).wav,2
Streamlined Frog_(36).wav,2
Streamlined Frog_(37).wav,2
Streamlined Frog_(38).wav,2
Streamlined Frog_(39).wav,2
Streamlined Frog_(4).wav,2
Streamlined Frog_(40).wav,2
Streamlined Frog_(41).wav,2
Streamlined Frog_(42).wav,2
Streamlined Frog_(43).wav,2
Streamlined Frog_(44).wav,2
Streamlined Frog_(45).wav,2
Streamlined Frog_(46).wav,2
Streamlined Frog_(47).wav,2
Streamlined Frog_(48).wav,2
Streamlined Frog_(49).wav,2
Streamlined Frog_(5).wav,2
Streamlined Frog_(50).wav,2
Streamlined Frog_(51).wav,2
Streamlined Frog_(52).wav,2
Streamlined Frog_(53).wav,2
Streamlined Frog_(54).wav,2
Streamlined Frog_(55).wav,2
Streamlined Frog_(56).wav,2
Streamlined Frog_(57).wav,2
Streamlined Frog_(58).wav,2
Streamlined Frog_(59).wav,2
Streamlined Frog_(6).wav,2
Streamlined Frog_(60).wav,2
Streamlined Frog_(61).wav,2
Streamlined Frog_(62).wav,2
Streamlined Frog_(63).wav,2
Streamlined Frog_(64).wav,2
Streamlined Frog_(65).wav,2
Streamlined Frog_(66).wav,2
Streamlined Frog_(67).wav,2
Streamlined Frog_(68).wav,2
Streamlined Frog_(69).wav,2
Streamlined Frog_(7).wav,2
Streamlined Frog_(70).wav,2
Streamlined Frog_(71).wav,2
Streamlined Frog_(72).wav,2
Streamlined Frog_(73).wav,2
Streamlined Frog_(74).wav,2
Streamlined Frog_(75).wav,2
Streamlined Frog_(76).wav,2
Streamlined Frog_(77).wav,2
Streamlined Frog_(78).wav,2
Streamlined Frog_(79).wav,2
Streamlined Frog_(8).wav,2
Streamlined Frog_(80).wav,2
Streamlined Frog_(81).wav,2
Streamlined Frog_(82).wav,2
Streamlined Frog_(83).wav,2
Streamlined Frog_(84).wav,2
Streamlined Frog_(85).wav,2
Streamlined Frog_(86).wav,2
Streamlined Frog_(87).wav,2
Streamlined Frog_(88).wav,2
Streamlined Frog_(89).wav,2
Streamlined Frog_(9).wav,2
Streamlined Frog_(90).wav,2
Streamlined Frog_(91).wav,2
Streamlined Frog_(92).wav,2
Streamlined Frog_(93).wav,2
Streamlined Frog_(94).wav,2
Streamlined Frog_(95).wav,2
Streamlined Frog_(96).wav,2
Streamlined Frog_(97).wav,2
Streamlined Frog_(98).wav,2
Streamlined Frog_(99).wav,2
